Name,ID,Department,Gender,Role
josh samson,jsh413,Cardiology Department,Male,Head Nurse
Sarah Smith,EMP1001,Radiology Department,Male,Employee
Sarah Miller,EMP1002,Pediatrics Department,Male,Employee
John Miller,EMP1003,Cardiology Department,Other,Employee
David Miller,EMP1004,Surgery Department,Female,Chief Physician
Michael Miller,EMP1005,Cardiology Department,Female,Chief Physician
Emily Jones,EMP1006,Emergency Department,Female,Department Administrator
David Johnson,EMP1007,Emergency Department,Male,Head Nurse
David Miller,EMP1008,Radiology Department,Male,Head Nurse
Jane Jones,EMP1009,Pediatrics Department,Other,Head Nurse
Sarah Brown,EMP1010,Cardiology Department,Female,Department Administrator
Michael Jones,EMP1011,Emergency Department,Other,Head Nurse
Michael Johnson,EMP1012,Emergency Department,Male,Chief Physician
Jane Miller,EMP1013,Pediatrics Department,Other,Chief Physician
David Williams,EMP1014,Cardiology Department,Other,Chief Physician
Sarah Brown,EMP1015,Radiology Department,Female,Employee
Emily Jones,EMP1016,Emergency Department,Female,Employee
John Williams,EMP1017,Radiology Department,Other,Chief Physician
Emily Brown,EMP1018,Pediatrics Department,Female,Chief Physician
Jane Johnson,EMP1019,Radiology Department,Male,Department Administrator
Jane Jones,EMP1020,Radiology Department,Female,Department Administrator
David Johnson,EMP1021,Emergency Department,Female,Employee
John Johnson,EMP1022,Emergency Department,Male,Chief Physician
David Brown,EMP1023,Cardiology Department,Male,Department Administrator
John Brown,EMP1024,Emergency Department,Male,Employee
Sarah Brown,EMP1025,Emergency Department,Male,Chief Physician
Jane Brown,EMP1026,Emergency Department,Other,Chief Physician
Sarah Smith,EMP1027,Surgery Department,Female,Head Nurse
Emily Johnson,EMP1028,Emergency Department,Male,Employee
Sarah Brown,EMP1029,Radiology Department,Male,Head Nurse
John Johnson,EMP1030,Cardiology Department,Female,Chief Physician
David Smith,EMP1031,Surgery Department,Male,Chief Physician
Emily Brown,EMP1032,Pediatrics Department,Female,Employee
John Jones,EMP1033,Cardiology Department,Female,Head Nurse
David Jones,EMP1034,Emergency Department,Other,Employee
Jane Jones,EMP1035,Radiology Department,Female,Employee
Sarah Jones,EMP1036,Emergency Department,Other,Employee
John Jones,EMP1037,Emergency Department,Female,Head Nurse
Michael Johnson,EMP1038,Radiology Department,Female,Employee
John Jones,EMP1039,Pediatrics Department,Male,Employee
Michael Miller,EMP1040,Surgery Department,Female,Head Nurse
Jane Williams,EMP1041,Pediatrics Department,Male,Department Administrator
John Smith,EMP1042,Cardiology Department,Female,Head Nurse
David Johnson,EMP1043,Pediatrics Department,Female,Employee
Emily Johnson,EMP1044,Cardiology Department,Male,Employee
John Johnson,EMP1045,Emergency Department,Female,Employee
Michael Brown,EMP1046,Surgery Department,Female,Employee
Sarah Jones,EMP1047,Surgery Department,Female,Employee
Emily Johnson,EMP1048,Pediatrics Department,Other,Employee
Emily Miller,EMP1049,Radiology Department,Female,Employee
Sarah Jones,EMP1050,Cardiology Department,Female,Chief Physician
